{
    "cpu_cycles_pass2_start": 19238937692467082,
    "cycles_program_begin": 19238936143014428,
    "perf": [
        {
            "stat": [
                "main",
                "entry",
                0.030742883682250977,
                0.055414999999999999,
                0.028645,
                216420,
                216420,
                0.0,
                0.0,
                1698616220.3832769,
                19238936143561412
            ],
            "sub": [
                {
                    "stat": [
                        "doParsingAndDesignResolution",
                        "entry",
                        0.12526297569274902,
                        0.105725,
                        0.038582999999999999,
                        312096,
                        312764,
                        0.0,
                        0.0,
                        1698616220.477797,
                        19238936389127886
                    ],
                    "sub": []
                },
                {
                    "stat": [
                        "doParsingAndDesignResolution",
                        "exit",
                        0.3293459415435791,
                        0.289273,
                        0.049131000000000001,
                        317776,
                        318424,
                        0.0,
                        0.0,
                        1698616220.68188,
                        19238936919766108
                    ],
                    "sub": []
                },
                {
                    "stat": [
                        "doPostDesignResolutionToVir2Vcs",
                        "entry",
                        0.3365180492401123,
                        0.29132000000000002,
                        0.049306999999999997,
                        317908,
                        318424,
                        0.0,
                        0.0,
                        1698616220.6890521,
                        19238936938361364
                    ],
                    "sub": [
                        {
                            "stat": [
                                "doUptoVir2VcsNoSepCleanup",
                                "entry",
                                0.35813593864440918,
                                0.296454,
                                0.053194999999999999,
                                318424,
                                318424,
                                0.0,
                                0.0,
                                1698616220.71067,
                                19238936994597880
                            ],
                            "sub": []
                        },
                        {
                            "stat": [
                                "doUptoVir2VcsNoSepCleanup",
                                "exit",
                                0.53553295135498047,
                                0.32463500000000001,
                                0.061426000000000001,
                                319424,
                                331760,
                                0.021552999999999999,
                                0.031601999999999998,
                                1698616220.888067,
                                19238937455988416
                            ],
                            "sub": []
                        },
                        {
                            "stat": [
                                "doRadify_vir2vcsAll",
                                "entry",
                                0.5356910228729248,
                                0.32476899999999997,
                                0.061450999999999999,
                                319424,
                                331760,
                                0.021552999999999999,
                                0.031601999999999998,
                                1698616220.8882251,
                                19238937456222060
                            ],
                            "sub": []
                        },
                        {
                            "stat": [
                                "doRadify_vir2vcsAll",
                                "exit",
                                0.54961490631103516,
                                0.330405,
                                0.065378000000000006,
                                320448,
                                331760,
                                0.021552999999999999,
                                0.031601999999999998,
                                1698616220.902149,
                                19238937492468694
                            ],
                            "sub": []
                        }
                    ]
                },
                {
                    "stat": [
                        "doPostDesignResolutionToVir2Vcs",
                        "exit",
                        0.54969096183776855,
                        0.33047100000000001,
                        0.065391000000000005,
                        320448,
                        331760,
                        0.021552999999999999,
                        0.031601999999999998,
                        1698616220.902225,
                        19238937492594332
                    ],
                    "sub": []
                },
                {
                    "stat": [
                        "doGAToPass2",
                        "entry",
                        0.54973697662353516,
                        0.33051000000000003,
                        0.065398999999999999,
                        320448,
                        331760,
                        0.021552999999999999,
                        0.031601999999999998,
                        1698616220.902271,
                        19238937492698814
                    ],
                    "sub": [
                        {
                            "stat": [
                                "DoPass2",
                                "entry",
                                0.62648200988769531,
                                0.333623,
                                0.067628999999999995,
                                318504,
                                331760,
                                0.045171000000000003,
                                0.061637999999999998,
                                1698616220.9790161,
                                19238937692442226
                            ],
                            "sub": []
                        },
                        {
                            "stat": [
                                "DoPass2",
                                "exit",
                                0.7393038272857666,
                                0.39213300000000001,
                                0.080699999999999994,
                                325744,
                                331760,
                                0.045171000000000003,
                                0.061637999999999998,
                                1698616221.0918379,
                                19238937985588598
                            ],
                            "sub": []
                        }
                    ]
                },
                {
                    "stat": [
                        "doGAToPass2",
                        "exit",
                        0.74708890914916992,
                        0.39438099999999998,
                        0.081763000000000002,
                        321216,
                        331760,
                        0.045171000000000003,
                        0.061637999999999998,
                        1698616221.099623,
                        19238938005809382
                    ],