{
    "Modules": {
        "...MASTER...": {
            "nMops": 0,
            "child_modules": {
                "dut_tb": 1,
                "std": 1
            },
            "start_perf": [
                0.67194795608520508,
                0.34072400000000003,
                0.078212000000000004,
                318492,
                331748,
                1698618998.7939839,
                16660387161227178
            ],
            "end_perf": [
                0.70924806594848633,
                0.34680800000000001,
                0.080265000000000003,
                319852,
                331748,
                16660387258239172,
                0,
                0
            ],
            "nRouts": 5,
            "nQuads": 0
        },
        "std": {
            "nMops": 528,
            "child_modules": {},
            "start_perf": [
                0.70944905281066895,
                0.34697099999999997,
                0.080302999999999999,
                319852,
                331748,
                1698618998.831485,
                16660387258677104
            ],
            "Compiled": "Yes",
            "Compiled Times": 1,
            "num_classes": 6,
            "nQuads": 218,
            "svclass": [
                "$vcs_nba_dyn_obj",
                576,
                35,
                2,
                2,
                0,
                0,
                "sigprop$$",
                576,
                35,
                2,
                2,
                0,
                0,
                "process",
                2388,
                200,
                8,
                8,
                0,
                0,
                "event",
                597,
                34,
                2,
                2,
                0,
                0,
                "mailbox",
                1769,
                140,
                9,
                9,
                0,
                0,
                "semaphore",
                1119,
                84,
                5,
                5,
                0,
                0
            ],
            "end_perf": [
                0.74945902824401855,
                0.36631399999999997,
                0.084619,
                323636,
                331748,
                16660387362801470,
                0,
                0
            ],
            "nRouts": 33
        },
        "dut_tb": {
            "nMops": 473,
            "child_modules": {},
            "start_perf": [
                0.74958610534667969,
                0.36642000000000002,
                0.084642999999999996,
                323636,
                331748,
                1698618998.8716221,
                16660387363006474
            ],
            "Compiled": "Yes",
            "nRouts": 58,
            "nQuads": 275,
            "Compiled Times": 1,
            "end_perf": [
                0.76970195770263672,
                0.37870799999999999,
                0.086481000000000002,
                323636,
                331748,
                16660387415322196,
                83540333515516254,
                0
            ]
        }
    },
    "CompUnits": {
        "amcQw_d": {
            "text": 434,
            "mod": "...MASTER...",
            "mode": 4,
            "bytes": 7856,
            "out": "objs/amcQw_d.o",
            "checksum": 0
        },
        "reYIK_d": {
            "text": 7333,
            "mod": "std",
            "mode": 4,
            "bytes": 39320,
            "out": "reYIK_d.o",
            "cls": 7025,
            "checksum": 0,
            "archive": "archive.0/_132748_archive_1.a"
        },
        "ud4N8_d": {
            "text": 4989,
            "mod": "dut_tb",
            "mode": 4,
            "bytes": 17094,
            "out": "ud4N8_d.o",
            "checksum": 0,
            "archive": "archive.0/_132748_archive_1.a"
        }
    },
    "ObjArchives": [
        {
            "archive": "archive.0/_132748_archive_1.a",
            "objects": [
                [
                    "reYIK_d.o",
                    39320
                ],
                [
                    "ud4N8_d.o",
                    17094
                ],
                [
                    "amcQwB.o",
                    102890
                ]
            ],
            "size": 159304
        }
    ],
    "reusePaths": {},
    "stat": {
        "ru_self_end": {
            "ru_minflt": 9080,
            "ru_maxrss_kb": 125580,
            "ru_utime_sec": 0.38331100000000001,
            "ru_stime_sec": 0.088520000000000001,
            "ru_majflt": 0,
            "ru_nivcsw": 172,
            "ru_nvcsw": 432
        },
        "ru_childs_end": {
            "ru_minflt": 5435,
            "ru_maxrss_kb": 120000,
            "ru_utime_sec": 0.046268999999999998,
            "ru_stime_sec": 0.084084000000000006,
            "ru_majflt": 0,
            "ru_nivcsw": 45,
            "ru_nvcsw": 55
        },
        "peak_mem_kb": 331748,
        "cpu_cycles_end": 16660387492090656
    }
}