{
    "Modules": {
        "std": {
            "start_perf": [
                0.98643016815185547,
                0.38978400000000002,
                0.085944999999999994,
                320596,
                332876,
                1697958736.5616281,
                3446188522904990
            ],
            "Compiled Times": 1,
            "child_modules": {},
            "significant_routs": [
                [
                    2,
                    "T_VCSgd_reYIK_2_0",
                    15942090,
                    138,
                    12
                ]
            ],
            "Compiled": "Yes",
            "end_perf": [
                1.0343470573425293,
                0.408084,
                0.091833999999999999,
                323992,
                332876,
                3446188647530890,
                0,
                0
            ],
            "num_classes": 6,
            "svclass": [
                "$vcs_nba_dyn_obj",
                576,
                35,
                2,
                2,
                0,
                0,
                "sigprop$$",
                576,
                35,
                2,
                2,
                0,
                0,
                "process",
                2388,
                200,
                8,
                8,
                0,
                0,
                "event",
                597,
                34,
                2,
                2,
                0,
                0,
                "mailbox",
                1769,
                140,
                9,
                9,
                0,
                0,
                "semaphore",
                1119,
                84,
                5,
                5,
                0,
                0
            ],
            "nRouts": 33,
            "nQuads": 218,
            "nMops": 528
        },
        "...MASTER...": {
            "start_perf": [
                0.95451116561889648,
                0.38822499999999999,
                0.078678999999999999,
                318592,
                332876,
                1697958736.5297091,
                3446188439932768
            ],
            "child_modules": {
                "std": 1,
                "dot_product_tb": 1
            },
            "end_perf": [
                0.9861910343170166,
                0.38978400000000002,
                0.085724999999999996,
                320596,
                332876,
                3446188522348832,
                0,
                0
            ],
            "nRouts": 5,
            "nQuads": 0,
            "nMops": 0
        },
        "dot_product_tb": {
            "start_perf": [
                1.0344760417938232,
                0.408084,
                0.091954999999999995,
                323992,
                332876,
                1697958736.609674,
                3446188647778292
            ],
            "Compiled Times": 1,
            "child_modules": {},
            "significant_routs": [
                [
                    62,
                    "R_VCSgd_mEjTv_3e",
                    20548548,
                    13171,
                    1613
                ]
            ],
            "Compiled": "Yes",
            "end_perf": [
                1.1199681758880615,
                0.47611700000000001,
                0.101617,
                326788,
                332876,
                3446188870082598,
                656099166699955686,
                0
            ],
            "nRouts": 200,
            "nQuads": 2325,
            "nMops": 6164
        }
    },
    "CompUnits": {
        "amcQw_d": {
            "mod": "...MASTER...",
            "mode": 4,
            "out": "objs/amcQw_d.o",
            "bytes": 7864,
            "text": 434,
            "checksum": 0
        },
        "reYIK_d": {
            "mod": "std",
            "mode": 4,
            "cls": 7025,
            "out": "reYIK_d.o",
            "archive": "archive.0/_65860_archive_1.a",
            "bytes": 39320,
            "text": 7333,
            "checksum": 0
        },
        "mEjTv_d": {
            "mod": "dot_product_tb",
            "mode": 4,
            "out": "mEjTv_d.o",
            "archive": "archive.0/_65860_archive_1.a",
            "bytes": 89214,
            "text": 55966,
            "checksum": 0
        }
    },
    "stat": {
        "ru_self_end": {
            "ru_stime_sec": 0.104564,
            "ru_utime_sec": 0.48027599999999998,
            "ru_maxrss_kb": 131568,
            "ru_minflt": 10429,
            "ru_majflt": 0,
            "ru_nvcsw": 455,
            "ru_nivcsw": 205
        },
        "ru_childs_end": {
            "ru_stime_sec": 0.066525000000000001,
            "ru_utime_sec": 0.062114000000000003,
            "ru_maxrss_kb": 121700,
            "ru_minflt": 5433,
            "ru_majflt": 0,
            "ru_nvcsw": 55,
            "ru_nivcsw": 40
        },
        "cpu_cycles_end": 3446188941052196,
        "peak_mem_kb": 332876
    },
    "ObjArchives": [
        {
            "archive": "archive.0/_65860_archive_1.a",
            "objects": [
                [
                    "reYIK_d.o",
                    39320
                ],
                [
                    "mEjTv_d.o",
                    89214
                ],
                [
                    "amcQwB.o",
                    104306
                ]
            ],
            "size": 232840
        }
    ],
    "reusePaths": {}
}