{
    "Modules": {
        "...MASTER...": {
            "start_perf": [
                0.36308884620666504,
                0.13777200000000001,
                0.028767000000000001,
                317488,
                331512,
                1698367837.3666019,
                1270991629655981
            ],
            "child_modules": {
                "divider_testbench": 1
            },
            "end_perf": [
                0.37842297554016113,
                0.13966500000000001,
                0.030731999999999999,
                319872,
                331512,
                1270991660326633,
                0,
                0
            ],
            "nQuads": 0,
            "nMops": 0,
            "nRouts": 5
        },
        "divider_testbench": {
            "start_perf": [
                0.37853384017944336,
                0.13975699999999999,
                0.030752000000000002,
                319872,
                331512,
                1698367837.3820469,
                1270991660497219
            ],
            "child_modules": {},
            "Compiled": "Yes",
            "nMops": 1104,
            "Compiled Times": 1,
            "end_perf": [
                0.41842484474182129,
                0.156418,
                0.032106000000000003,
                323656,
                331512,
                1270991740216365,
                8046600491560116497,
                0
            ],
            "nQuads": 383,
            "nRouts": 61
        }
    },
    "CompUnits": {
        "amcQw_d": {
            "mod": "...MASTER...",
            "out": "objs/amcQw_d.o",
            "mode": 4,
            "bytes": 7682,
            "text": 402,
            "checksum": 0
        },
        "GcGsY_d": {
            "archive": "archive.0/_952496_archive_1.a",
            "mod": "divider_testbench",
            "out": "GcGsY_d.o",
            "mode": 4,
            "bytes": 24692,
            "text": 9579,
            "checksum": 0
        }
    },
    "stat": {
        "ru_self_end": {
            "ru_maxrss_kb": 124824,
            "ru_utime_sec": 0.16095100000000001,
            "ru_stime_sec": 0.033806999999999997,
            "ru_minflt": 9231,
            "ru_majflt": 0,
            "ru_nvcsw": 399,
            "ru_nivcsw": 19
        },
        "ru_childs_end": {
            "ru_maxrss_kb": 117780,
            "ru_utime_sec": 0.027317000000000001,
            "ru_stime_sec": 0.032141000000000003,
            "ru_minflt": 5433,
            "ru_majflt": 0,
            "ru_nvcsw": 55,
            "ru_nivcsw": 5
        },
        "cpu_cycles_end": 1270991792326027,
        "peak_mem_kb": 331512
    },
    "reusePaths": {},
    "ObjArchives": [
        {
            "archive": "archive.0/_952496_archive_1.a",
            "size": 126854,
            "objects": [
                [
                    "GcGsY_d.o",
                    24692
                ],
                [
                    "amcQwB.o",
                    102162
                ]
            ]
        }
    ]
}