{
    "stat": {
        "ru_self_end": {
            "ru_minflt": 9400,
            "ru_utime_sec": 0.35480699999999998,
            "ru_nvcsw": 419,
            "ru_stime_sec": 0.089615,
            "ru_maxrss_kb": 125240,
            "ru_majflt": 0,
            "ru_nivcsw": 161
        },
        "cpu_cycles_end": 16705796700661698,
        "ru_childs_end": {
            "ru_minflt": 5435,
            "ru_utime_sec": 0.043430999999999997,
            "ru_nvcsw": 58,
            "ru_stime_sec": 0.075670000000000001,
            "ru_maxrss_kb": 118100,
            "ru_majflt": 0,
            "ru_nivcsw": 42
        },
        "peak_mem_kb": 331636
    },
    "Modules": {
        "...MASTER...": {
            "nRouts": 5,
            "start_perf": [
                0.63927602767944336,
                0.31893700000000003,
                0.076614000000000002,
                317612,
                331636,
                1698636464.052501,
                16705796449578124
            ],
            "child_modules": {
                "divider_testbench": 1
            },
            "end_perf": [
                0.6585390567779541,
                0.32301299999999999,
                0.081449999999999995,
                319996,
                331636,
                16705796499687756,
                0,
                0
            ],
            "nMops": 0,
            "nQuads": 0
        },
        "divider_testbench": {
            "nRouts": 67,
            "Compiled Times": 1,
            "start_perf": [
                0.65875816345214844,
                0.323212,
                0.081449999999999995,
                319996,
                331636,
                1698636464.0719831,
                16705796500225396
            ],
            "child_modules": {},
            "Compiled": "Yes",
            "end_perf": [
                0.7106170654296875,
                0.350605,
                0.086132,
                323780,
                331636,
                16705796635039796,
                8046600491560116497,
                0
            ],
            "nMops": 1294,
            "nQuads": 436
        }
    },
    "CompUnits": {
        "amcQw_d": {
            "mod": "...MASTER...",
            "out": "objs/amcQw_d.o",
            "bytes": 7682,
            "checksum": 0,
            "text": 402,
            "mode": 4
        },
        "GcGsY_d": {
            "mod": "divider_testbench",
            "out": "GcGsY_d.o",
            "bytes": 27160,
            "checksum": 0,
            "text": 10887,
            "mode": 4,
            "archive": "archive.0/_2187205_archive_1.a"
        }
    },
    "ObjArchives": [
        {
            "archive": "archive.0/_2187205_archive_1.a",
            "objects": [
                [
                    "GcGsY_d.o",
                    27160
                ],
                [
                    "amcQwB.o",
                    102162
                ]
            ],
            "size": 129322
        }
    ],
    "reusePaths": {}
}