{
    "Modules": {
        "...MASTER...": {
            "end_perf": [
                0.71741294860839844,
                0.34201199999999998,
                0.069963999999999998,
                320000,
                331636,
                16724487838680752,
                0,
                0
            ],
            "start_perf": [
                0.67221999168395996,
                0.33643600000000001,
                0.066228999999999996,
                317612,
                331636,
                1698643653.063982,
                16724487721110486
            ],
            "nRouts": 5,
            "child_modules": {
                "divider_testbench": 1
            },
            "nMops": 0,
            "nQuads": 0
        },
        "divider_testbench": {
            "end_perf": [
                0.77237486839294434,
                0.37330400000000002,
                0.073982999999999993,
                323784,
                331636,
                16724487981553050,
                8046600491560116497,
                0
            ],
            "start_perf": [
                0.71764087677001953,
                0.34220200000000001,
                0.070002999999999996,
                320000,
                331636,
                1698643653.1094029,
                16724487839187856
            ],
            "nRouts": 76,
            "child_modules": {},
            "Compiled": "Yes",
            "Compiled Times": 1,
            "nMops": 1532,
            "nQuads": 510
        }
    },
    "CompUnits": {
        "GcGsY_d": {
            "mod": "divider_testbench",
            "checksum": 0,
            "mode": 4,
            "out": "GcGsY_d.o",
            "bytes": 29964,
            "text": 13000,
            "archive": "archive.0/_2684986_archive_1.a"
        },
        "amcQw_d": {
            "mod": "...MASTER...",
            "checksum": 0,
            "mode": 4,
            "out": "objs/amcQw_d.o",
            "bytes": 7682,
            "text": 402
        }
    },
    "stat": {
        "ru_self_end": {
            "ru_utime_sec": 0.378077,
            "ru_maxrss_kb": 125300,
            "ru_stime_sec": 0.079478999999999994,
            "ru_nvcsw": 425,
            "ru_minflt": 9090,
            "ru_majflt": 0,
            "ru_nivcsw": 158
        },
        "peak_mem_kb": 331636,
        "ru_childs_end": {
            "ru_utime_sec": 0.047230000000000001,
            "ru_maxrss_kb": 118232,
            "ru_stime_sec": 0.087354000000000001,
            "ru_nvcsw": 57,
            "ru_minflt": 5435,
            "ru_majflt": 0,
            "ru_nivcsw": 41
        },
        "cpu_cycles_end": 16724488049952740
    },
    "reusePaths": {},
    "ObjArchives": [
        {
            "archive": "archive.0/_2684986_archive_1.a",
            "objects": [
                [
                    "GcGsY_d.o",
                    29964
                ],
                [
                    "amcQwB.o",
                    102162
                ]
            ],
            "size": 132126
        }
    ]
}