{
    "Modules": {
        "...MASTER...": {
            "child_modules": {
                "divider_testbench": 1
            },
            "start_perf": [
                0.63557100296020508,
                0.32061299999999998,
                0.070383000000000001,
                317612,
                331636,
                1698639485.5337739,
                16713652234272448
            ],
            "nRouts": 5,
            "nMops": 0,
            "end_perf": [
                0.65337419509887695,
                0.32256000000000001,
                0.076796000000000003,
                319996,
                331636,
                16713652280572114,
                0,
                0
            ],
            "nQuads": 0
        },
        "divider_testbench": {
            "child_modules": {},
            "start_perf": [
                0.65360021591186523,
                0.32274399999999998,
                0.076840000000000006,
                319996,
                331636,
                1698639485.5518031,
                16713652281077216
            ],
            "Compiled": "Yes",
            "Compiled Times": 1,
            "nRouts": 77,
            "nMops": 1750,
            "end_perf": [
                0.71168804168701172,
                0.35819299999999998,
                0.080795000000000006,
                323780,
                331636,
                16713652432219820,
                8046600491560116497,
                0
            ],
            "nQuads": 543
        }
    },
    "CompUnits": {
        "amcQw_d": {
            "mod": "...MASTER...",
            "out": "objs/amcQw_d.o",
            "mode": 4,
            "bytes": 7682,
            "text": 402,
            "checksum": 0
        },
        "GcGsY_d": {
            "mod": "divider_testbench",
            "out": "GcGsY_d.o",
            "mode": 4,
            "bytes": 32016,
            "text": 14620,
            "checksum": 0,
            "archive": "archive.0/_2387676_archive_1.a"
        }
    },
    "reusePaths": {},
    "ObjArchives": [
        {
            "size": 134178,
            "archive": "archive.0/_2387676_archive_1.a",
            "objects": [
                [
                    "GcGsY_d.o",
                    32016
                ],
                [
                    "amcQwB.o",
                    102162
                ]
            ]
        }
    ],
    "stat": {
        "ru_self_end": {
            "ru_nivcsw": 161,
            "ru_nvcsw": 414,
            "ru_majflt": 0,
            "ru_utime_sec": 0.365921,
            "ru_maxrss_kb": 125292,
            "ru_stime_sec": 0.082161999999999999,
            "ru_minflt": 9064
        },
        "ru_childs_end": {
            "ru_nivcsw": 47,
            "ru_nvcsw": 55,
            "ru_majflt": 0,
            "ru_utime_sec": 0.057728000000000002,
            "ru_maxrss_kb": 118236,
            "ru_stime_sec": 0.079169000000000003,
            "ru_minflt": 5435
        },
        "cpu_cycles_end": 16713652500189878,
        "peak_mem_kb": 331636
    }
}