{
    "cycles_program_begin": 3382234447916648,
    "cpu_cycles_pass2_start": 3382236377064386,
    "perf": [
        {
            "stat": [
                "main",
                "entry",
                0.032009124755859375,
                0.057875000000000003,
                0.028913000000000001,
                216424,
                216424,
                0.0,
                0.0,
                1697934138.3403511,
                3382234448267760
            ],
            "sub": [
                {
                    "stat": [
                        "doParsingAndDesignResolution",
                        "entry",
                        0.12965893745422363,
                        0.097800999999999999,
                        0.042214000000000002,
                        312104,
                        312772,
                        0.0,
                        0.0,
                        1697934138.4380009,
                        3382234702111766
                    ],
                    "sub": []
                },
                {
                    "stat": [
                        "doParsingAndDesignResolution",
                        "exit",
                        0.35919094085693359,
                        0.302427,
                        0.051216999999999999,
                        318088,
                        318736,
                        0.0,
                        0.0,
                        1697934138.6675329,
                        3382235298910912
                    ],
                    "sub": []
                },
                {
                    "stat": [
                        "doPostDesignResolutionToVir2Vcs",
                        "entry",
                        0.36688709259033203,
                        0.30402800000000002,
                        0.052153999999999999,
                        318248,
                        318736,
                        0.0,
                        0.0,
                        1697934138.6752291,
                        3382235319054706
                    ],
                    "sub": [
                        {
                            "stat": [
                                "doUptoVir2VcsNoSepCleanup",
                                "entry",
                                0.42210006713867188,
                                0.32778099999999999,
                                0.055008000000000001,
                                318504,
                                322604,
                                0.0,
                                0.0,
                                1697934138.730442,
                                3382235462456306
                            ],
                            "sub": []
                        },
                        {
                            "stat": [
                                "doUptoVir2VcsNoSepCleanup",
                                "exit",
                                0.6654660701751709,
                                0.40046799999999999,
                                0.071405999999999997,
                                332840,
                                332840,
                                0.021343999999999998,
                                0.032604000000000001,
                                1697934138.9738081,
                                3382236095230006
                            ],
                            "sub": []
                        },
                        {
                            "stat": [
                                "doRadify_vir2vcsAll",
                                "entry",
                                0.66556596755981445,
                                0.40055499999999999,
                                0.071421999999999999,
                                332840,
                                332840,
                                0.021343999999999998,
                                0.032604000000000001,
                                1697934138.9739079,
                                3382236095381386
                            ],
                            "sub": []
                        },
                        {
                            "stat": [
                                "doRadify_vir2vcsAll",
                                "exit",
                                0.67676901817321777,
                                0.407281,
                                0.072373000000000007,
                                332840,
                                332840,
                                0.021343999999999998,
                                0.032604000000000001,
                                1697934138.985111,
                                3382236124534300
                            ],
                            "sub": []
                        }
                    ]
                },
                {
                    "stat": [
                        "doPostDesignResolutionToVir2Vcs",
                        "exit",
                        0.67681694030761719,
                        0.40732299999999999,
                        0.072381000000000001,
                        332840,
                        332840,
                        0.021343999999999998,
                        0.032604000000000001,
                        1697934138.9851589,
                        3382236124611432
                    ],
                    "sub": []
                },
                {
                    "stat": [
                        "doGAToPass2",
                        "entry",
                        0.67684507369995117,
                        0.40734700000000001,
                        0.072385000000000005,
                        332840,
                        332840,
                        0.021343999999999998,
                        0.032604000000000001,
                        1697934138.9851871,
                        3382236124675812
                    ],
                    "sub": [
                        {
                            "stat": [
                                "DoPass2",
                                "entry",
                                0.77384495735168457,
                                0.40839300000000001,
                                0.077182000000000001,
                                330896,
                                332840,
                                0.045531000000000002,
                                0.077863000000000002,
                                1697934139.0821869,
                                3382236377043524
                            ],
                            "sub": []
                        },
                        {
                            "stat": [
                                "DoPass2",
                                "exit",
                                1.0209851264953613,
                                0.51722599999999996,
                                0.100357,
                                332840,
                                332840,
                                0.045531000000000002,
                                0.077863000000000002,
                                1697934139.3293271,
                                3382237019562242
                            ],