{
    "CompUnits": {
        "reYIK_d": {
            "mod": "std",
            "out": "reYIK_d.o",
            "bytes": 39504,
            "archive": "archive.0/_3857018_archive_1.a",
            "text": 7345,
            "cls": 7025,
            "mode": 4,
            "checksum": 0
        },
        "amcQw_d": {
            "mod": "...MASTER...",
            "out": "objs/amcQw_d.o",
            "bytes": 8068,
            "text": 450,
            "mode": 4,
            "checksum": 0
        },
        "gdGNr_d": {
            "mod": "gcd_unit",
            "out": "gdGNr_d.o",
            "bytes": 26440,
            "archive": "archive.0/_3857018_archive_1.a",
            "text": 12351,
            "mode": 4,
            "checksum": 0
        },
        "udZrb_d": {
            "mod": "gcd_coprocessor_testbench",
            "out": "udZrb_d.o",
            "bytes": 97712,
            "archive": "archive.0/_3857018_archive_1.a",
            "text": 40780,
            "mode": 4,
            "checksum": 0
        }
    },
    "Modules": {
        "...MASTER...": {
            "nMops": 0,
            "end_perf": [
                0.82962393760681152,
                0.412582,
                0.081953999999999999,
                331872,
                332840,
                3382236522036056,
                0,
                0
            ],
            "start_perf": [
                0.77408409118652344,
                0.40859600000000001,
                0.077220999999999998,
                330896,
                332840,
                1697934139.0824261,
                3382236377600522
            ],
            "nRouts": 5,
            "child_modules": {
                "std": 1,
                "gcd_coprocessor_testbench": 1
            },
            "nQuads": 0
        },
        "std": {
            "nMops": 528,
            "end_perf": [
                0.87282991409301758,
                0.43176199999999998,
                0.088723999999999997,
                332840,
                332840,
                3382236634336230,
                0,
                0
            ],
            "start_perf": [
                0.8298180103302002,
                0.412744,
                0.081986000000000003,
                331872,
                332840,
                1697934139.13816,
                3382236522470434
            ],
            "child_modules": {},
            "Compiled": "Yes",
            "nQuads": 218,
            "Compiled Times": 1,
            "svclass": [
                "$vcs_nba_dyn_obj",
                576,
                35,
                2,
                2,
                0,
                0,
                "sigprop$$",
                576,
                35,
                2,
                2,
                0,
                0,
                "process",
                2388,
                200,
                8,
                8,
                0,
                0,
                "event",
                597,
                34,
                2,
                2,
                0,
                0,
                "mailbox",
                1769,
                140,
                9,
                9,
                0,
                0,
                "semaphore",
                1119,
                84,
                5,
                5,
                0,
                0
            ],
            "num_classes": 6,
            "nRouts": 33
        },
        "gcd_unit": {
            "nMops": 1456,
            "end_perf": [
                0.90291905403137207,
                0.45454899999999998,
                0.090726000000000001,
                332840,
                332840,
                3382236712509180,
                2088508541172543094,
                0
            ],
            "start_perf": [
                0.87294793128967285,
                0.43186000000000002,
                0.088745000000000004,
                332840,
                332840,
                1697934139.1812899,
                3382236634583776
            ],
            "nRouts": 66,
            "child_modules": {},
            "Compiled": "Yes",
            "nQuads": 518,
            "Compiled Times": 1
        },
        "gcd_coprocessor_testbench": {
            "nMops": 4833,
            "end_perf": [
                0.97224211692810059,
                0.51722599999999996,
                0.096536999999999998,
                332840,
                332840,
                3382236892764558,
                -3158375106897015369,
                0
            ],
            "start_perf": [
                0.90297412872314453,
                0.45459500000000003,
                0.090735999999999997,
                332840,
                332840,
                1697934139.2113161,
                3382236712625516
            ],
            "nRouts": 259,
            "child_modules": {
                "gcd_unit": 2
            },
            "Compiled": "Yes",
            "nQuads": 2002,
            "Compiled Times": 1
        }
    },
    "stat": {
        "ru_self_end": {
            "ru_nivcsw": 223,
            "ru_stime_sec": 0.10052999999999999,
            "ru_utime_sec": 0.52283599999999997,
            "ru_majflt": 0,
            "ru_minflt": 11376,
            "ru_maxrss_kb": 138164,
            "ru_nvcsw": 463
        },
        "cpu_cycles_end": 3382237053891519,
        "ru_childs_end": {
            "ru_nivcsw": 44,
            "ru_stime_sec": 0.077863000000000002,
            "ru_utime_sec": 0.045531000000000002,
            "ru_majflt": 0,
            "ru_minflt": 5433,
            "ru_maxrss_kb": 126104,
            "ru_nvcsw": 58
        },
        "peak_mem_kb": 332840
    },
    "reusePaths": {},
    "ObjArchives": [
        {
            "archive": "archive.0/_3857018_archive_1.a",
            "objects": [
                [
                    "reYIK_d.o",
                    39504
                ],
                [
                    "gdGNr_d.o",
                    26440
                ],
                [
                    "udZrb_d.o",
                    97712
                ],
                [
                    "amcQwB.o",
                    104266
                ]
            ],
            "size": 267922
        }
    ]
}