{
    "Modules": {
        "...MASTER...": {
            "start_perf": [
                0.85644793510437012,
                0.417408,
                0.070045999999999997,
                330896,
                332840,
                1697958688.5451241,
                3446063682518792
            ],
            "nRouts": 5,
            "child_modules": {
                "gcd_coprocessor_testbench": 1,
                "std": 1
            },
            "end_perf": [
                0.89546990394592285,
                0.421954,
                0.073936000000000002,
                331872,
                332840,
                3446063784040420,
                0,
                0
            ],
            "nQuads": 0,
            "nMops": 0
        },
        "gcd_coprocessor_testbench": {
            "start_perf": [
                0.96796894073486328,
                0.46434300000000001,
                0.078439999999999996,
                332840,
                332840,
                1697958688.6566451,
                3446063972367482
            ],
            "nRouts": 259,
            "child_modules": {
                "gcd_unit": 2
            },
            "end_perf": [
                1.0368199348449707,
                0.52663199999999999,
                0.084345000000000003,
                332840,
                332840,
                3446064151420784,
                -3158375106897015369,
                0
            ],
            "Compiled": "Yes",
            "nMops": 4833,
            "Compiled Times": 1,
            "nQuads": 2002
        },
        "std": {
            "num_classes": 6,
            "start_perf": [
                0.89569592475891113,
                0.42214800000000002,
                0.073969999999999994,
                331872,
                332840,
                1697958688.584372,
                3446063784537488
            ],
            "child_modules": {},
            "end_perf": [
                0.93740487098693848,
                0.44023899999999999,
                0.078423999999999994,
                332840,
                332840,
                3446063892990311,
                0,
                0
            ],
            "Compiled": "Yes",
            "svclass": [
                "$vcs_nba_dyn_obj",
                576,
                35,
                2,
                2,
                0,
                0,
                "sigprop$$",
                576,
                35,
                2,
                2,
                0,
                0,
                "process",
                2388,
                200,
                8,
                8,
                0,
                0,
                "event",
                597,
                34,
                2,
                2,
                0,
                0,
                "mailbox",
                1769,
                140,
                9,
                9,
                0,
                0,
                "semaphore",
                1119,
                84,
                5,
                5,
                0,
                0
            ],
            "nMops": 528,
            "Compiled Times": 1,
            "nQuads": 218,
            "nRouts": 33
        },
        "gcd_unit": {
            "start_perf": [
                0.93751192092895508,
                0.44033,
                0.078439999999999996,
                332840,
                332840,
                1697958688.626188,
                3446063893207703
            ],
            "nRouts": 66,
            "child_modules": {},
            "end_perf": [
                0.96791481971740723,
                0.46428799999999998,
                0.078439999999999996,
                332840,
                332840,
                3446063972263818,
                2088508541172543094,
                0
            ],
            "Compiled": "Yes",
            "nMops": 1456,
            "Compiled Times": 1,
            "nQuads": 518
        }
    },
    "reusePaths": {},
    "CompUnits": {
        "udZrb_d": {
            "checksum": 0,
            "bytes": 97712,
            "mod": "gcd_coprocessor_testbench",
            "out": "udZrb_d.o",
            "text": 40780,
            "mode": 4,
            "archive": "archive.0/_63722_archive_1.a"
        },
        "amcQw_d": {
            "checksum": 0,
            "bytes": 8068,
            "mod": "...MASTER...",
            "out": "objs/amcQw_d.o",
            "text": 450,
            "mode": 4
        },
        "reYIK_d": {
            "checksum": 0,
            "cls": 7025,
            "bytes": 39504,
            "mod": "std",
            "out": "reYIK_d.o",
            "text": 7345,
            "mode": 4,
            "archive": "archive.0/_63722_archive_1.a"
        },
        "gdGNr_d": {
            "checksum": 0,
            "bytes": 26440,
            "mod": "gcd_unit",
            "out": "gdGNr_d.o",
            "text": 12351,
            "mode": 4,
            "archive": "archive.0/_63722_archive_1.a"
        }
    },
    "ObjArchives": [
        {
            "archive": "archive.0/_63722_archive_1.a",
            "objects": [
                [
                    "reYIK_d.o",
                    39504
                ],
                [
                    "gdGNr_d.o",
                    26440
                ],
                [
                    "udZrb_d.o",
                    97712
                ],
                [
                    "amcQwB.o",
                    104266
                ]
            ],
            "size": 267922
        }
    ],
    "stat": {
        "ru_self_end": {
            "ru_majflt": 0,
            "ru_utime_sec": 0.52956499999999995,
            "ru_stime_sec": 0.089032,
            "ru_nvcsw": 455,
            "ru_maxrss_kb": 138320,
            "ru_minflt": 11086,
            "ru_nivcsw": 218
        },
        "ru_childs_end": {
            "ru_majflt": 0,
            "ru_utime_sec": 0.059320999999999999,
            "ru_stime_sec": 0.063997999999999999,
            "ru_nvcsw": 54,
            "ru_maxrss_kb": 126244,
            "ru_minflt": 5433,
            "ru_nivcsw": 35
        },
        "cpu_cycles_end": 3446064216395260,
        "peak_mem_kb": 332840
    }
}